<?xml version="1.0" encoding="UTF-8"?>
<project-private xmlns="http://www.netbeans.org/ns/project-private/1">
    <editor-bookmarks xmlns="http://www.netbeans.org/ns/editor-bookmarks/2" lastBookmarkId="0"/>
    <open-files xmlns="http://www.netbeans.org/ns/projectui-open-files/2">
        <group>
            <file>file:/home/quickstrikes96/NetBeansProjects/Russie2018/src/Service/ServiceEntraineur.java</file>
            <file>file:/home/quickstrikes96/NetBeansProjects/Russie2018/src/Service/ServiceJoueurFantasy.java</file>
            <file>file:/home/quickstrikes96/NetBeansProjects/Russie2018/src/IService/IServiceUser.java</file>
            <file>file:/home/quickstrikes96/NetBeansProjects/Russie2018/src/Entités/EquipeFantasy.java</file>
            <file>file:/home/quickstrikes96/NetBeansProjects/Russie2018/src/Entités/Joueur.java</file>
            <file>file:/home/quickstrikes96/NetBeansProjects/Russie2018/src/IService/IServiceEquipe.java</file>
            <file>file:/home/quickstrikes96/NetBeansProjects/Russie2018/src/Service/ServiceEquipeFantasy.java</file>
            <file>file:/home/quickstrikes96/NetBeansProjects/Russie2018/src/Service/ServiceEquipe.java</file>
            <file>file:/home/quickstrikes96/NetBeansProjects/Russie2018/src/IService/IServiceEquipeFantasy.java</file>
            <file>file:/home/quickstrikes96/NetBeansProjects/Russie2018/src/Service/ServiceUser.java</file>
            <file>file:/home/quickstrikes96/NetBeansProjects/Russie2018/src/Service/ServiceJoueur.java</file>
            <file>file:/home/quickstrikes96/NetBeansProjects/Russie2018/src/Entités/JoueurFantasy.java</file>
            <file>file:/home/quickstrikes96/NetBeansProjects/Russie2018/src/russie2018/Russie2018.java</file>
            <file>file:/home/quickstrikes96/NetBeansProjects/Russie2018/src/Entités/User.java</file>
            <file>file:/home/quickstrikes96/NetBeansProjects/Russie2018/src/IService/IServiceJoueurFantasy.java</file>
        </group>
    </open-files>
</project-private>
